<?xml version="1.0" encoding="ISO-8859-1"?>
<project name="Fosstrak Filtering and Collection">
<body>
    <menu name="Filtering and Collection Project Modules">
      <item name="FC Client" href="project-reports.html" collapse="false">
      	<item name="Changes Report" href="changes-report.html"/>
        <item name="Dependencies" href="dependencies.html"/>
        <item name="Dependency Convergence" href="dependency-convergence.html"/>
        <item name="PMD Report" href="pmd.html"/>
        <item name="CPD Report" href="cpd.html"/>
        <item name="JavaNCSS Report" href="javancss.html"/>
        <item name="Issue Tracking" href="issue-tracking.html"/>
      </item>
      <item name="FC Commons" href="../fc-commons/project-reports.html" collapse="true">
        <item name="dummy"/>
      </item>
      <item name="FC Server" href="../fc-server/project-reports.html" collapse="true">
        <item name="dummy"/>
      </item>
      <item name="FC Webclient" href="../fc-webclient/project-reports.html" collapse="true">
        <item name="dummy"/>
      </item>
    </menu>
</body>
</project>
