<document>
    <properties>
        <title>Changes fc-client</title>
    </properties>
    <body>
		<release version="1.2.0" date="2012-11-02" description="Feature and Bugfix release">
			<action dev="swieland" type="add">preset the endpoint with the current release.</action>
		</release>
		<release version="1.0.3" date="2009-08-14" description="Bugfix release">
			<action dev="swieland" type="add">Give the client a new look and feel.</action>
		</release>
        <release version="0.4.0" date="2008-07-29"
            description="Project name changed to Fosstrak">
            <action dev="roduner" type="update">
                Renamed packages from org.accada to org.fosstrak.
            </action>
        </release>
        <release version="0.3.0" date="2008-03-??"
            description="Feature release: ALE 1.1">
            <!-- general changes -->
            <action dev="swieland" type="add">
               fc-client now supports the full logical reader api.
            </action>
            <action dev="swieland" type="update">
               adapted fc-client to the new fc-commons.
            </action>
	    <action dev="swieland" type="add">
               modified documentation according to the schema in epcis.
            </action>
        </release>
        <release version="0.2.0" date="2007-04-27"
            description="Initial release">
            <action type="add">Initial code release.</action>
        </release>
    </body>
</document>
