<?xml version="1.0" encoding="UTF-8" standalone="yes"?>
<ns3:LRSpec xmlns:ns2="urn:epcglobal:ale:wsdl:1" xmlns:ns3="urn:epcglobal:ale:xsd:1">
    <isComposite>false</isComposite>
    <readers/>
    <properties>
        <property>
            <name>ReaderType</name>
            <value>org.fosstrak.ale.server.readers.llrp.LLRPAdaptor</value>
        </property>
        <property>
            <name>Description</name>
            <value>LLRP reader</value>
        </property>
        <property>
            <name>PhysicalReaderName</name>
            <value>LogicalReader1</value>
        </property>
        <property>
            <name>ip</name>
            <value>localhost</value>
        </property>
        <property>
            <name>port</name>
            <value>5084</value>
        </property>
        <property>
            <name>clientInitiated</name>
            <value>true</value>
        </property>
    </properties>
</ns3:LRSpec>
