<?xml version="1.0" encoding="UTF-8" standalone="yes"?>
<ns3:LRSpec xmlns:ns2="urn:epcglobal:ale:wsdl:1" xmlns:ns3="urn:epcglobal:ale:xsd:1">
    <isComposite>false</isComposite>
    <readers/>
    <properties>
        <property>
            <name>ReaderType</name>
            <value>org.fosstrak.ale.server.readers.test.TestAdaptor</value>
        </property>
        <property>
            <name>Description</name>
            <value>Test Adaptor to test performance</value>
        </property>
        <property>
            <name>tps</name>
            <value>1000</value>
        </property>
        <property>
            <name>gain</name>
            <value>0</value>
        </property>
        <property>
            <name>wt</name>
            <value>5000</value>
        </property>
    </properties>
</ns3:LRSpec>
