<?xml version="1.0" encoding="UTF-8"?>
<LogicalReaders xmlns:xsi="http://www.w3.org/2001/XMLSchema-instance" xsi:noNamespaceSchemaLocation="/resources/LogicalReaders.xsd">
	<LogicalReader name="LogicalReader1">
		<LRSpec isComposite="false" readerType="org.fosstrak.ale.server.readers.llrp.LLRPAdaptor">
			<LRProperty name="Description" value="LLRP reader"/>
			<LRProperty name="PhysicalReaderName" value="LogicalReader1"/>
			<LRProperty name="ip" value="localhost"/>
			<LRProperty name="port" value="5084"/>
			<LRProperty name="AdaptorClass" value="LLRPReader"/>
			<LRProperty name="ImplClass" value="org.fosstrak.ale.server.readers.llrp.LLRPAdaptor"/>
			<LRProperty name="clientInitiated" value="true"/>
		</LRSpec>
	</LogicalReader>
</LogicalReaders>