<?xml version="1.0" encoding="UTF-8" standalone="yes"?>
<ns2:ECSpec xmlns:ns2="urn:epcglobal:ale:xsd:1">
    <logicalReaders>
        <logicalReader>LogicalReader9</logicalReader>
	<logicalReader>LogicalReader2</logicalReader>
	<logicalReader>LogicalReader4</logicalReader>
	<logicalReader>LogicalReader6</logicalReader>
    </logicalReaders>
    <boundarySpec>
        <repeatPeriod unit="MS">5000</repeatPeriod>
        <duration unit="MS">3000</duration>
        <stableSetInterval unit="MS">0</stableSetInterval>
    </boundarySpec>
    <reportSpecs>
        <reportSpec reportIfEmpty="true" reportName="Deletions" reportOnlyOnChange="false" >
            <reportSet set="DELETIONS"/>
            <output includeRawHex="true" includeRawDecimal="true" includeEPC="true"/>
        </reportSpec>
    </reportSpecs>
</ns2:ECSpec>
