<assembly>
  <id>bin-with-dependencies</id>
  <formats>
    <format>zip</format>
    <format>tar.gz</format>
  </formats>
  <fileSets>
    <fileSet>
      <includes>
        <include>README*</include>
        <include>LICENSE*</include>
        <include>NOTICE*</include>
      </includes>
    </fileSet>
    <fileSet>
      <directory>target</directory>
      <outputDirectory></outputDirectory>
      <includes>
        <include>*.war</include>
      </includes>
    </fileSet>
  </fileSets>
</assembly>
