<assembly>
  <id>src</id>
  <formats>
    <format>zip</format>
    <format>tar.gz</format>
  </formats>
  <includeBaseDirectory>true</includeBaseDirectory>
  <moduleSets>
    <moduleSet>
      <includes>
        <include>org.fosstrak.fc:fc-commons</include>
        <include>org.fosstrak.fc:fc-server</include>
        <include>org.fosstrak.fc:fc-client</include>
        <include>org.fosstrak.fc:fc-webclient</include>
      </includes>
      <sources>
        <fileSets>
          <fileSet>
            <includes>
              <include>README*</include>
              <include>LICENSE*</include>
              <include>NOTICE*</include>
              <include>pom.xml</include>
            </includes>
          </fileSet>
          <fileSet>
            <directory>src</directory>
            <outputDirectory>src</outputDirectory>
          </fileSet>
        </fileSets>
      </sources>
    </moduleSet>
  </moduleSets>
  <fileSets>
    <fileSet>
      <includes>
        <include>README*</include>
        <include>LICENSE*</include>
        <include>NOTICE*</include>
        <include>pom.xml</include>
      </includes>
    </fileSet>
    <fileSet>
      <directory>src</directory>
      <outputDirectory>src</outputDirectory>
    </fileSet>
  </fileSets>
</assembly>