<document>
    <properties>
        <title>Changes fc-commons</title>
    </properties>
    <body>
    	<release version="1.2.0" date="2012-11-02" description="Feature and Bugfix release">
			<action dev="swieland" type="add">Business Exceptions for ALE.</action>
			<action dev="swieland" type="add">Some Tests.</action>
		</release>
    	<release version="1.1.0" date="2011-11-21" description="Orange Enhancements">
			<action dev="soubra" type="add">Serialize/Deserialize an ROSpec and AccessSpec</action>
			<action dev="soubra" type="add">LLRP controller service to manage ROSpec using SOAP interface</action>
		</release>
		<release version="1.0.3" date="2009-08-14" description="Bugfix release">
			<action dev="swieland" type="update">Update to cxf-2.2.6.</action>
			<action dev="swieland" type="fix" issue="2991458">performance degradation due to bad handling of JAXB-Context.</action>
		</release>
        <release version="0.4.0" date="2008-07-29"
            description="Project name changed to Fosstrak">
            <action dev="roduner" type="update">
                Renamed packages from org.accada to org.fosstrak.
            </action>
        </release>
        <release version="0.3.0" date="2008-03-??"
            description="Feature release: ALE 1.1">
            <!-- general changes -->
            <action dev="swieland" type="add">
               new serializer method for the fc-client.
            </action>
            <action dev="swieland" type="update">
               fc-commons are now mostly generated automatically from wsdl.
            </action>
        </release>
        <release version="0.2.0" date="2007-04-27"
            description="Initial release">
            <action type="add">Initial code release.</action>
        </release>
    </body>
</document>
